IDT_TURMA,DTA_AULA,NME_DISCIPLINA,Qtd_Alunos_Faltas,RK,DiasAulas
1,12/03/2018,Estatística,13,1,A1
1,13/03/2018,Estatística,9,2,A2
1,19/03/2018,Estatística,7,3,A3
1,20/03/2018,Estatística,4,4,A4
1,26/03/2018,Estatística,10,5,A5
1,27/03/2018,Estatística,8,6,A6
1,02/04/2018,Estatística,9,7,A7
1,03/04/2018,Estatística,12,8,A8
1,09/04/2018,Estatística,6,9,A9
1,10/04/2018,Estatística,11,10,A10
1,16/04/2018,Estatística,11,11,A11
1,17/04/2018,Estatística,13,12,A12
1,23/04/2018,Estatística,0,13,A13
1,24/04/2018,Estatística,2,14,A14
1,30/04/2018,Estatística,0,15,A15
1,07/05/2018,Estatística,9,16,A16
1,08/05/2018,Estatística,15,17,A17
1,14/05/2018,Estatística,13,18,A18
1,15/05/2018,Estatística,0,19,A19
1,21/05/2018,Estatística,0,20,A20
1,22/05/2018,Estatística,0,21,A21
1,28/05/2018,Estatística,0,22,A22
1,29/05/2018,Estatística,0,23,A23
1,04/06/2018,Estatística,0,24,A24
1,05/06/2018,Estatística,0,25,A25
1,11/06/2018,Estatística,18,26,A26
1,12/06/2018,Estatística,12,27,A27
1,18/06/2018,Estatística,17,28,A28
1,19/06/2018,Estatística,19,29,A29
1,25/06/2018,Estatística,0,30,A30
1,26/06/2018,Estatística,0,31,A31
1,02/07/2018,Estatística,0,32,A32
1,03/07/2018,Estatística,0,33,A33
1,09/07/2018,Estatística,0,34,A34
1,10/07/2018,Estatística,0,35,A35
112,11/03/2019,Estatística,11,1,A1
112,12/03/2019,Estatística,13,2,A2
112,18/03/2019,Estatística,11,3,A3
112,19/03/2019,Estatística,10,4,A4
112,25/03/2019,Estatística,9,5,A5
112,26/03/2019,Estatística,13,6,A6
112,01/04/2019,Estatística,5,7,A7
112,02/04/2019,Estatística,17,8,A8
112,08/04/2019,Estatística,12,9,A9
112,09/04/2019,Estatística,10,10,A10
112,15/04/2019,Estatística,13,11,A11
112,16/04/2019,Estatística,0,12,A12
112,22/04/2019,Estatística,13,13,A13
112,23/04/2019,Estatística,10,14,A14
112,29/04/2019,Estatística,16,15,A15
112,30/04/2019,Estatística,15,16,A16
112,06/05/2019,Estatística,13,17,A17
112,07/05/2019,Estatística,22,18,A18
112,13/05/2019,Estatística,12,19,A19
112,14/05/2019,Estatística,9,20,A20
112,20/05/2019,Estatística,0,21,A21
112,21/05/2019,Estatística,0,22,A22
112,27/05/2019,Estatística,28,23,A23
112,28/05/2019,Estatística,15,24,A24
112,03/06/2019,Estatística,0,25,A25
112,04/06/2019,Estatística,0,26,A26
112,10/06/2019,Estatística,0,27,A27
112,11/06/2019,Estatística,0,28,A28
112,17/06/2019,Estatística,0,29,A29
112,18/06/2019,Estatística,0,30,A30
112,24/06/2019,Estatística,0,31,A31
112,25/06/2019,Estatística,0,32,A32
112,01/07/2019,Estatística,0,33,A33
112,02/07/2019,Estatística,0,34,A34
112,08/07/2019,Estatística,0,35,A35
112,09/07/2019,Estatística,0,36,A36
239,03/04/2017,Estatística,0,1,A1
239,04/04/2017,Estatística,8,2,A2
239,10/04/2017,Estatística,8,3,A3
239,11/04/2017,Estatística,6,4,A4
239,17/04/2017,Estatística,6,5,A5
239,18/04/2017,Estatística,6,6,A6
239,24/04/2017,Estatística,17,7,A7
239,25/04/2017,Estatística,15,8,A8
239,01/05/2017,Estatística,0,9,A9
239,02/05/2017,Estatística,14,10,A10
239,08/05/2017,Estatística,0,11,A11
239,09/05/2017,Estatística,0,12,A12
239,15/05/2017,Estatística,0,13,A13
239,16/05/2017,Estatística,0,14,A14
239,22/05/2017,Estatística,13,15,A15
239,23/05/2017,Estatística,14,16,A16
239,29/05/2017,Estatística,0,17,A17
239,30/05/2017,Estatística,10,18,A18
239,05/06/2017,Estatística,0,19,A19
239,06/06/2017,Estatística,0,20,A20
239,12/06/2017,Estatística,13,21,A21
239,13/06/2017,Estatística,11,22,A22
239,19/06/2017,Estatística,14,23,A23
239,20/06/2017,Estatística,11,24,A24
239,26/06/2017,Estatística,13,25,A25
239,27/06/2017,Estatística,0,26,A26
239,03/07/2017,Estatística,0,27,A27
239,04/07/2017,Estatística,0,28,A28
239,10/07/2017,Estatística,0,29,A29
239,11/07/2017,Estatística,0,30,A30
239,17/07/2017,Estatística,0,31,A31
239,18/07/2017,Estatística,0,32,A32
239,24/07/2017,Estatística,0,33,A33
239,25/07/2017,Estatística,0,34,A34
239,31/07/2017,Estatística,0,35,A35
239,01/08/2017,Estatística,0,36,A36
316,29/02/2016,Estatística,0,1,A1
316,01/03/2016,Estatística,0,2,A2
316,07/03/2016,Estatística,0,3,A3
316,08/03/2016,Estatística,0,4,A4
316,14/03/2016,Estatística,0,5,A5
316,15/03/2016,Estatística,0,6,A6
316,21/03/2016,Estatística,0,7,A7
316,22/03/2016,Estatística,0,8,A8
316,28/03/2016,Estatística,0,9,A9
316,29/03/2016,Estatística,0,10,A10
316,04/04/2016,Estatística,0,11,A11
316,05/04/2016,Estatística,2,12,A12
316,11/04/2016,Estatística,2,13,A13
316,12/04/2016,Estatística,2,14,A14
316,18/04/2016,Estatística,2,15,A15
316,19/04/2016,Estatística,2,16,A16
316,25/04/2016,Estatística,2,17,A17
316,26/04/2016,Estatística,2,18,A18
316,02/05/2016,Estatística,2,19,A19
316,03/05/2016,Estatística,2,20,A20
316,09/05/2016,Estatística,2,21,A21
316,10/05/2016,Estatística,2,22,A22
316,16/05/2016,Estatística,2,23,A23
316,17/05/2016,Estatística,2,24,A24
316,23/05/2016,Estatística,2,25,A25
316,24/05/2016,Estatística,10,26,A26
316,30/05/2016,Estatística,10,27,A27
316,31/05/2016,Estatística,10,28,A28
316,06/06/2016,Estatística,10,29,A29
316,07/06/2016,Estatística,10,30,A30
316,13/06/2016,Estatística,10,31,A31
316,14/06/2016,Estatística,10,32,A32
316,20/06/2016,Estatística,10,33,A33
316,21/06/2016,Estatística,10,34,A34
316,27/06/2016,Estatística,13,35,A35
316,28/06/2016,Estatística,13,36,A36
404,23/03/2015,Estatística,0,1,A1
404,24/03/2015,Estatística,12,2,A2
404,30/03/2015,Estatística,6,3,A3
404,31/03/2015,Estatística,0,4,A4
404,06/04/2015,Estatística,6,5,A5
404,07/04/2015,Estatística,12,6,A6
404,13/04/2015,Estatística,0,7,A7
404,14/04/2015,Estatística,0,8,A8
404,20/04/2015,Estatística,0,9,A9
404,27/04/2015,Estatística,0,10,A10
404,28/04/2015,Estatística,0,11,A11
404,04/05/2015,Estatística,0,12,A12
404,05/05/2015,Estatística,0,13,A13
404,11/05/2015,Estatística,0,14,A14
404,12/05/2015,Estatística,0,15,A15
404,18/05/2015,Estatística,0,16,A16
404,19/05/2015,Estatística,0,17,A17
404,25/05/2015,Estatística,0,18,A18
404,26/05/2015,Estatística,0,19,A19
404,01/06/2015,Estatística,0,20,A20
404,02/06/2015,Estatística,26,21,A21
404,08/06/2015,Estatística,20,22,A22
404,09/06/2015,Estatística,0,23,A23
404,15/06/2015,Estatística,18,24,A24
404,16/06/2015,Estatística,23,25,A25
404,22/06/2015,Estatística,0,26,A26
404,23/06/2015,Estatística,0,27,A27
404,29/06/2015,Estatística,0,28,A28
404,30/06/2015,Estatística,0,29,A29
404,06/07/2015,Estatística,0,30,A30
404,07/07/2015,Estatística,0,31,A31
404,13/07/2015,Estatística,0,32,A32
404,14/07/2015,Estatística,0,33,A33
404,20/07/2015,Estatística,0,34,A34
404,21/07/2015,Estatística,0,35,A35
574,14/04/2014,Estatística,0,1,A1
574,15/04/2014,Estatística,0,2,A2
574,22/04/2014,Estatística,0,3,A3
574,28/04/2014,Estatística,0,4,A4
574,29/04/2014,Estatística,0,5,A5
574,05/05/2014,Estatística,0,6,A6
574,06/05/2014,Estatística,0,7,A7
574,12/05/2014,Estatística,0,8,A8
574,13/05/2014,Estatística,0,9,A9
574,19/05/2014,Estatística,0,10,A10
574,20/05/2014,Estatística,0,11,A11
574,26/05/2014,Estatística,0,12,A12
574,27/05/2014,Estatística,3,13,A13
574,02/06/2014,Estatística,4,14,A14
574,03/06/2014,Estatística,4,15,A15
574,09/06/2014,Estatística,4,16,A16
574,10/06/2014,Estatística,4,17,A17
574,16/06/2014,Estatística,4,18,A18
574,24/06/2014,Estatística,4,19,A19
574,30/06/2014,Estatística,4,20,A20
574,01/07/2014,Estatística,4,21,A21
574,07/07/2014,Estatística,4,22,A22
574,08/07/2014,Estatística,4,23,A23
574,14/07/2014,Estatística,4,24,A24
574,15/07/2014,Estatística,4,25,A25
574,21/07/2014,Estatística,4,26,A26
574,22/07/2014,Estatística,4,27,A27
574,28/07/2014,Estatística,4,28,A28
574,29/07/2014,Estatística,4,29,A29
574,04/08/2014,Estatística,4,30,A30
574,05/08/2014,Estatística,4,31,A31
574,11/08/2014,Estatística,4,32,A32
574,12/08/2014,Estatística,4,33,A33
574,18/08/2014,Estatística,4,34,A34
574,19/08/2014,Estatística,4,35,A35
574,25/08/2014,Estatística,4,36,A36
574,26/08/2014,Estatística,4,37,A37
725,21/05/2013,Estatística,0,1,A1
725,23/05/2013,Estatística,0,2,A2
725,28/05/2013,Estatística,0,3,A3
725,04/06/2013,Estatística,0,4,A4
725,06/06/2013,Estatística,0,5,A5
725,11/06/2013,Estatística,0,6,A6
725,13/06/2013,Estatística,0,7,A7
725,18/06/2013,Estatística,0,8,A8
725,20/06/2013,Estatística,0,9,A9
725,25/06/2013,Estatística,0,10,A10
725,27/06/2013,Estatística,0,11,A11
725,02/07/2013,Estatística,0,12,A12
725,04/07/2013,Estatística,0,13,A13
725,09/07/2013,Estatística,0,14,A14
725,11/07/2013,Estatística,0,15,A15
725,16/07/2013,Estatística,0,16,A16
725,18/07/2013,Estatística,0,17,A17
725,23/07/2013,Estatística,0,18,A18
725,25/07/2013,Estatística,0,19,A19
725,30/07/2013,Estatística,0,20,A20
725,01/08/2013,Estatística,0,21,A21
725,06/08/2013,Estatística,0,22,A22
725,08/08/2013,Estatística,0,23,A23
725,13/08/2013,Estatística,0,24,A24
725,20/08/2013,Estatística,0,25,A25
725,22/08/2013,Estatística,3,26,A26
725,27/08/2013,Estatística,3,27,A27
725,29/08/2013,Estatística,3,28,A28
725,03/09/2013,Estatística,3,29,A29
725,05/09/2013,Estatística,3,30,A30
725,10/09/2013,Estatística,3,31,A31
725,12/09/2013,Estatística,3,32,A32
725,17/09/2013,Estatística,3,33,A33
725,19/09/2013,Estatística,3,34,A34
725,24/09/2013,Estatística,3,35,A35
725,26/09/2013,Estatística,3,36,A36
788,27/02/2012,Estatística,16,1,A1
788,29/02/2012,Estatística,10,2,A2
788,05/03/2012,Estatística,5,3,A3
788,07/03/2012,Estatística,10,4,A4
788,12/03/2012,Estatística,9,5,A5
788,14/03/2012,Estatística,5,6,A6
788,19/03/2012,Estatística,8,7,A7
788,21/03/2012,Estatística,6,8,A8
788,26/03/2012,Estatística,7,9,A9
788,28/03/2012,Estatística,1,10,A10
788,02/04/2012,Estatística,6,11,A11
788,04/04/2012,Estatística,2,12,A12
788,09/04/2012,Estatística,14,13,A13
788,11/04/2012,Estatística,1,14,A14
788,16/04/2012,Estatística,15,15,A15
788,18/04/2012,Estatística,15,16,A16
788,23/04/2012,Estatística,12,17,A17
788,25/04/2012,Estatística,17,18,A18
788,30/04/2012,Estatística,2,19,A19
788,02/05/2012,Estatística,9,20,A20
788,07/05/2012,Estatística,0,21,A21
788,09/05/2012,Estatística,0,22,A22
788,14/05/2012,Estatística,12,23,A23
788,16/05/2012,Estatística,16,24,A24
788,21/05/2012,Estatística,13,25,A25
788,23/05/2012,Estatística,13,26,A26
788,28/05/2012,Estatística,14,27,A27
788,30/05/2012,Estatística,19,28,A28
788,04/06/2012,Estatística,19,29,A29
788,06/06/2012,Estatística,27,30,A30
788,11/06/2012,Estatística,31,31,A31
788,13/06/2012,Estatística,0,32,A32
788,18/06/2012,Estatística,0,33,A33
788,20/06/2012,Estatística,0,34,A34
788,25/06/2012,Estatística,0,35,A35
788,27/06/2012,Estatística,19,36,A36
788,02/07/2012,Estatística,0,37,A37
788,04/07/2012,Estatística,0,38,A38
788,09/07/2012,Estatística,0,39,A39
1096,21/02/2011,Estatística,0,1,A1
1096,23/02/2011,Estatística,0,2,A2
1096,28/02/2011,Estatística,0,3,A3
1096,02/03/2011,Estatística,0,4,A4
1096,14/03/2011,Estatística,0,5,A5
1096,16/03/2011,Estatística,0,6,A6
1096,21/03/2011,Estatística,0,7,A7
1096,23/03/2011,Estatística,0,8,A8
1096,28/03/2011,Estatística,0,9,A9
1096,30/03/2011,Estatística,0,10,A10
1096,04/04/2011,Estatística,0,11,A11
1096,06/04/2011,Estatística,0,12,A12
1096,11/04/2011,Estatística,0,13,A13
1096,13/04/2011,Estatística,0,14,A14
1096,18/04/2011,Estatística,0,15,A15
1096,20/04/2011,Estatística,0,16,A16
1096,25/04/2011,Estatística,0,17,A17
1096,27/04/2011,Estatística,0,18,A18
1096,02/05/2011,Estatística,0,19,A19
1096,04/05/2011,Estatística,0,20,A20
1096,09/05/2011,Estatística,0,21,A21
1096,11/05/2011,Estatística,0,22,A22
1096,16/05/2011,Estatística,0,23,A23
1096,18/05/2011,Estatística,0,24,A24
1096,23/05/2011,Estatística,0,25,A25
1096,25/05/2011,Estatística,0,26,A26
1096,30/05/2011,Estatística,0,27,A27
1096,01/06/2011,Estatística,0,28,A28
1096,06/06/2011,Estatística,0,29,A29
1096,08/06/2011,Estatística,0,30,A30
1096,13/06/2011,Estatística,0,31,A31
1096,15/06/2011,Estatística,0,32,A32
1096,20/06/2011,Estatística,0,33,A33
1096,22/06/2011,Estatística,0,34,A34
1096,27/06/2011,Estatística,0,35,A35
1096,29/06/2011,Estatística,0,36,A36
1096,04/07/2011,Estatística,0,37,A37
1096,06/07/2011,Estatística,0,38,A38
1205,01/03/2010,Estatística,0,1,A1
1205,03/03/2010,Estatística,0,2,A2
1205,08/03/2010,Estatística,0,3,A3
1205,10/03/2010,Estatística,0,4,A4
1205,15/03/2010,Estatística,0,5,A5
1205,17/03/2010,Estatística,0,6,A6
1205,22/03/2010,Estatística,0,7,A7
1205,24/03/2010,Estatística,0,8,A8
1205,29/03/2010,Estatística,0,9,A9
1205,31/03/2010,Estatística,0,10,A10
1205,05/04/2010,Estatística,0,11,A11
1205,07/04/2010,Estatística,0,12,A12
1205,12/04/2010,Estatística,0,13,A13
1205,14/04/2010,Estatística,0,14,A14
1205,19/04/2010,Estatística,0,15,A15
1205,26/04/2010,Estatística,0,16,A16
1205,28/04/2010,Estatística,0,17,A17
1205,03/05/2010,Estatística,0,18,A18
1205,05/05/2010,Estatística,0,19,A19
1205,10/05/2010,Estatística,0,20,A20
1205,12/05/2010,Estatística,0,21,A21
1205,17/05/2010,Estatística,0,22,A22
1205,19/05/2010,Estatística,0,23,A23
1205,24/05/2010,Estatística,0,24,A24
1205,26/05/2010,Estatística,0,25,A25
1205,31/05/2010,Estatística,0,26,A26
1205,02/06/2010,Estatística,0,27,A27
1205,07/06/2010,Estatística,0,28,A28
1205,09/06/2010,Estatística,0,29,A29
1205,14/06/2010,Estatística,0,30,A30
1205,16/06/2010,Estatística,0,31,A31
1205,21/06/2010,Estatística,0,32,A32
1205,23/06/2010,Estatística,0,33,A33
1205,28/06/2010,Estatística,0,34,A34
1205,30/06/2010,Estatística,0,35,A35
1205,05/07/2010,Estatística,0,36,A36
1205,07/07/2010,Estatística,0,37,A37
1255,02/03/2009,Estatística,0,1,A1
1255,04/03/2009,Estatística,0,2,A2
1255,09/03/2009,Estatística,0,3,A3
1255,11/03/2009,Estatística,0,4,A4
1255,16/03/2009,Estatística,0,5,A5
1255,18/03/2009,Estatística,0,6,A6
1255,23/03/2009,Estatística,0,7,A7
1255,25/03/2009,Estatística,0,8,A8
1255,30/03/2009,Estatística,0,9,A9
1255,01/04/2009,Estatística,0,10,A10
1255,06/04/2009,Estatística,0,11,A11
1255,08/04/2009,Estatística,0,12,A12
1255,13/04/2009,Estatística,0,13,A13
1255,15/04/2009,Estatística,0,14,A14
1255,20/04/2009,Estatística,0,15,A15
1255,22/04/2009,Estatística,0,16,A16
1255,27/04/2009,Estatística,0,17,A17
1255,29/04/2009,Estatística,0,18,A18
1255,04/05/2009,Estatística,0,19,A19
1255,06/05/2009,Estatística,0,20,A20
1255,11/05/2009,Estatística,0,21,A21
1255,13/05/2009,Estatística,0,22,A22
1255,18/05/2009,Estatística,0,23,A23
1255,20/05/2009,Estatística,0,24,A24
1255,25/05/2009,Estatística,0,25,A25
1255,27/05/2009,Estatística,0,26,A26
1255,01/06/2009,Estatística,0,27,A27
1255,03/06/2009,Estatística,0,28,A28
1255,08/06/2009,Estatística,0,29,A29
1255,10/06/2009,Estatística,0,30,A30
1255,15/06/2009,Estatística,0,31,A31
1255,17/06/2009,Estatística,0,32,A32
1255,22/06/2009,Estatística,0,33,A33
1255,24/06/2009,Estatística,0,34,A34
1255,29/06/2009,Estatística,0,35,A35
1255,01/07/2009,Estatística,0,36,A36
1255,06/07/2009,Estatística,0,37,A37
1255,08/07/2009,Estatística,0,38,A38
1668,14/03/2018,Estatística,0,1,A1
1668,16/03/2018,Estatística,0,2,A2
1668,21/03/2018,Estatística,0,3,A3
1668,23/03/2018,Estatística,0,4,A4
1668,28/03/2018,Estatística,0,5,A5
1668,04/04/2018,Estatística,17,6,A6
1668,06/04/2018,Estatística,24,7,A7
1668,11/04/2018,Estatística,16,8,A8
1668,13/04/2018,Estatística,20,9,A9
1668,18/04/2018,Estatística,16,10,A10
1668,20/04/2018,Estatística,15,11,A11
1668,25/04/2018,Estatística,14,12,A12
1668,27/04/2018,Estatística,1,13,A13
1668,02/05/2018,Estatística,1,14,A14
1668,04/05/2018,Estatística,25,15,A15
1668,09/05/2018,Estatística,8,16,A16
1668,11/05/2018,Estatística,0,17,A17
1668,16/05/2018,Estatística,17,18,A18
1668,18/05/2018,Estatística,16,19,A19
1668,23/05/2018,Estatística,0,20,A20
1668,25/05/2018,Estatística,0,21,A21
1668,30/05/2018,Estatística,19,22,A22
1668,06/06/2018,Estatística,0,23,A23
1668,08/06/2018,Estatística,29,24,A24
1668,13/06/2018,Estatística,30,25,A25
1668,15/06/2018,Estatística,35,26,A26
1668,20/06/2018,Estatística,24,27,A27
1668,22/06/2018,Estatística,27,28,A28
1668,27/06/2018,Estatística,29,29,A29
1668,29/06/2018,Estatística,0,30,A30
1668,04/07/2018,Estatística,0,31,A31
1668,06/07/2018,Estatística,0,32,A32
1668,11/07/2018,Estatística,0,33,A33
1668,13/07/2018,Estatística,0,34,A34
1740,05/04/2017,Estatística,0,1,A1
1740,07/04/2017,Estatística,0,2,A2
1740,12/04/2017,Estatística,0,3,A3
1740,14/04/2017,Estatística,0,4,A4
1740,19/04/2017,Estatística,13,5,A5
1740,21/04/2017,Estatística,9,6,A6
1740,26/04/2017,Estatística,25,7,A7
1740,28/04/2017,Estatística,16,8,A8
1740,03/05/2017,Estatística,16,9,A9
1740,05/05/2017,Estatística,17,10,A10
1740,10/05/2017,Estatística,17,11,A11
1740,12/05/2017,Estatística,17,12,A12
1740,17/05/2017,Estatística,13,13,A13
1740,19/05/2017,Estatística,15,14,A14
1740,24/05/2017,Estatística,14,15,A15
1740,26/05/2017,Estatística,15,16,A16
1740,31/05/2017,Estatística,15,17,A17
1740,02/06/2017,Estatística,15,18,A18
1740,07/06/2017,Estatística,16,19,A19
1740,09/06/2017,Estatística,17,20,A20
1740,14/06/2017,Estatística,17,21,A21
1740,16/06/2017,Estatística,17,22,A22
1740,21/06/2017,Estatística,17,23,A23
1740,23/06/2017,Estatística,17,24,A24
1740,28/06/2017,Estatística,17,25,A25
1740,30/06/2017,Estatística,18,26,A26
1740,05/07/2017,Estatística,18,27,A27
1740,07/07/2017,Estatística,5,28,A28
1740,12/07/2017,Estatística,18,29,A29
1740,14/07/2017,Estatística,18,30,A30
1740,19/07/2017,Estatística,18,31,A31
1740,21/07/2017,Estatística,18,32,A32
1740,26/07/2017,Estatística,18,33,A33
1740,28/07/2017,Estatística,18,34,A34
1740,02/08/2017,Estatística,19,35,A35
1776,02/03/2016,Estatística,8,1,A1
1776,04/03/2016,Estatística,18,2,A2
1776,09/03/2016,Estatística,8,3,A3
1776,11/03/2016,Estatística,16,4,A4
1776,16/03/2016,Estatística,13,5,A5
1776,18/03/2016,Estatística,16,6,A6
1776,23/03/2016,Estatística,13,7,A7
1776,30/03/2016,Estatística,11,8,A8
1776,01/04/2016,Estatística,0,9,A9
1776,06/04/2016,Estatística,0,10,A10
1776,08/04/2016,Estatística,0,11,A11
1776,13/04/2016,Estatística,0,12,A12
1776,15/04/2016,Estatística,0,13,A13
1776,20/04/2016,Estatística,0,14,A14
1776,27/04/2016,Estatística,0,15,A15
1776,29/04/2016,Estatística,0,16,A16
1776,04/05/2016,Estatística,0,17,A17
1776,06/05/2016,Estatística,0,18,A18
1776,11/05/2016,Estatística,0,19,A19
1776,13/05/2016,Estatística,0,20,A20
1776,18/05/2016,Estatística,0,21,A21
1776,20/05/2016,Estatística,13,22,A22
1776,25/05/2016,Estatística,0,23,A23
1776,01/06/2016,Estatística,0,24,A24
1776,03/06/2016,Estatística,0,25,A25
1776,08/06/2016,Estatística,0,26,A26
1776,10/06/2016,Estatística,0,27,A27
1776,15/06/2016,Estatística,0,28,A28
1776,17/06/2016,Estatística,0,29,A29
1776,22/06/2016,Estatística,23,30,A30
1776,24/06/2016,Estatística,0,31,A31
1776,29/06/2016,Estatística,0,32,A32
1776,01/07/2016,Estatística,0,33,A33
1796,22/05/2013,Estatística,0,1,A1
1796,24/05/2013,Estatística,0,2,A2
1796,29/05/2013,Estatística,0,3,A3
1796,31/05/2013,Estatística,0,4,A4
1796,05/06/2013,Estatística,1,5,A5
1796,07/06/2013,Estatística,3,6,A6
1796,12/06/2013,Estatística,14,7,A7
1796,14/06/2013,Estatística,5,8,A8
1796,19/06/2013,Estatística,8,9,A9
1796,21/06/2013,Estatística,8,10,A10
1796,26/06/2013,Estatística,11,11,A11
1796,28/06/2013,Estatística,1,12,A12
1796,03/07/2013,Estatística,1,13,A13
1796,05/07/2013,Estatística,16,14,A14
1796,10/07/2013,Estatística,9,15,A15
1796,12/07/2013,Estatística,8,16,A16
1796,17/07/2013,Estatística,10,17,A17
1796,19/07/2013,Estatística,16,18,A18
1796,24/07/2013,Estatística,0,19,A19
1796,26/07/2013,Estatística,0,20,A20
1796,31/07/2013,Estatística,0,21,A21
1796,02/08/2013,Estatística,2,22,A22
1796,07/08/2013,Estatística,1,23,A23
1796,09/08/2013,Estatística,1,24,A24
1796,14/08/2013,Estatística,1,25,A25
1796,16/08/2013,Estatística,1,26,A26
1796,21/08/2013,Estatística,13,27,A27
1796,23/08/2013,Estatística,19,28,A28
1796,28/08/2013,Estatística,14,29,A29
1796,30/08/2013,Estatística,23,30,A30
1796,04/09/2013,Estatística,10,31,A31
1796,06/09/2013,Estatística,9,32,A32
1796,11/09/2013,Estatística,9,33,A33
1796,13/09/2013,Estatística,10,34,A34
1796,18/09/2013,Estatística,10,35,A35
1796,20/09/2013,Estatística,9,36,A36
1796,25/09/2013,Estatística,9,37,A37
1796,27/09/2013,Estatística,9,38,A38
1834,23/02/2011,Estatística,0,1,A1
1834,25/02/2011,Estatística,0,2,A2
1834,02/03/2011,Estatística,0,3,A3
1834,04/03/2011,Estatística,0,4,A4
1834,11/03/2011,Estatística,0,5,A5
1834,16/03/2011,Estatística,0,6,A6
1834,18/03/2011,Estatística,0,7,A7
1834,23/03/2011,Estatística,0,8,A8
1834,25/03/2011,Estatística,0,9,A9
1834,30/03/2011,Estatística,0,10,A10
1834,01/04/2011,Estatística,0,11,A11
1834,06/04/2011,Estatística,0,12,A12
1834,08/04/2011,Estatística,0,13,A13
1834,13/04/2011,Estatística,0,14,A14
1834,15/04/2011,Estatística,0,15,A15
1834,20/04/2011,Estatística,0,16,A16
1834,27/04/2011,Estatística,0,17,A17
1834,29/04/2011,Estatística,0,18,A18
1834,04/05/2011,Estatística,0,19,A19
1834,06/05/2011,Estatística,0,20,A20
1834,11/05/2011,Estatística,0,21,A21
1834,13/05/2011,Estatística,0,22,A22
1834,18/05/2011,Estatística,0,23,A23
1834,20/05/2011,Estatística,0,24,A24
1834,25/05/2011,Estatística,0,25,A25
1834,27/05/2011,Estatística,0,26,A26
1834,01/06/2011,Estatística,0,27,A27
1834,03/06/2011,Estatística,0,28,A28
1834,08/06/2011,Estatística,0,29,A29
1834,10/06/2011,Estatística,0,30,A30
1834,15/06/2011,Estatística,0,31,A31
1834,17/06/2011,Estatística,0,32,A32
1834,22/06/2011,Estatística,0,33,A33
1834,24/06/2011,Estatística,0,34,A34
1834,29/06/2011,Estatística,0,35,A35
1834,01/07/2011,Estatística,0,36,A36
1934,13/03/2019,Estatística,17,1,A1
1934,15/03/2019,Estatística,14,2,A2
1934,20/03/2019,Estatística,14,3,A3
1934,22/03/2019,Estatística,16,4,A4
1934,27/03/2019,Estatística,15,5,A5
1934,29/03/2019,Estatística,19,6,A6
1934,03/04/2019,Estatística,18,7,A7
1934,05/04/2019,Estatística,11,8,A8
1934,10/04/2019,Estatística,14,9,A9
1934,12/04/2019,Estatística,16,10,A10
1934,17/04/2019,Estatística,12,11,A11
1934,24/04/2019,Estatística,13,12,A12
1934,26/04/2019,Estatística,0,13,A13
1934,03/05/2019,Estatística,11,14,A14
1934,08/05/2019,Estatística,12,15,A15
1934,10/05/2019,Estatística,10,16,A16
1934,15/05/2019,Estatística,16,17,A17
1934,17/05/2019,Estatística,19,18,A18
1934,22/05/2019,Estatística,13,19,A19
1934,24/05/2019,Estatística,15,20,A20
1934,29/05/2019,Estatística,11,21,A21
1934,31/05/2019,Estatística,11,22,A22
1934,05/06/2019,Estatística,12,23,A23
1934,07/06/2019,Estatística,17,24,A24
1934,12/06/2019,Estatística,21,25,A25
1934,14/06/2019,Estatística,18,26,A26
1934,19/06/2019,Estatística,14,27,A27
1934,26/06/2019,Estatística,14,28,A28
1934,28/06/2019,Estatística,15,29,A29
1934,03/07/2019,Estatística,18,30,A30
1934,05/07/2019,Estatística,18,31,A31
1934,10/07/2019,Estatística,16,32,A32
1934,12/07/2019,Estatística,15,33,A33
2289,25/03/2015,Estatística,16,1,A1
2289,27/03/2015,Estatística,16,2,A2
2289,01/04/2015,Estatística,9,3,A3
2289,08/04/2015,Estatística,7,4,A4
2289,10/04/2015,Estatística,16,5,A5
2289,15/04/2015,Estatística,10,6,A6
2289,17/04/2015,Estatística,15,7,A7
2289,22/04/2015,Estatística,14,8,A8
2289,24/04/2015,Estatística,14,9,A9
2289,29/04/2015,Estatística,9,10,A10
2289,06/05/2015,Estatística,1,11,A11
2289,08/05/2015,Estatística,14,12,A12
2289,13/05/2015,Estatística,14,13,A13
2289,15/05/2015,Estatística,13,14,A14
2289,20/05/2015,Estatística,8,15,A15
2289,22/05/2015,Estatística,14,16,A16
2289,27/05/2015,Estatística,10,17,A17
2289,29/05/2015,Estatística,17,18,A18
2289,03/06/2015,Estatística,21,19,A19
2289,05/06/2015,Estatística,2,20,A20
2289,10/06/2015,Estatística,2,21,A21
2289,12/06/2015,Estatística,18,22,A22
2289,17/06/2015,Estatística,10,23,A23
2289,19/06/2015,Estatística,18,24,A24
2289,24/06/2015,Estatística,3,25,A25
2289,26/06/2015,Estatística,16,26,A26
2289,01/07/2015,Estatística,3,27,A27
2289,03/07/2015,Estatística,3,28,A28
2289,08/07/2015,Estatística,3,29,A29
2289,10/07/2015,Estatística,4,30,A30
2289,15/07/2015,Estatística,2,31,A31
2289,17/07/2015,Estatística,2,32,A32
2289,22/07/2015,Estatística,2,33,A33
2467,14/04/2014,Estatística,0,1,A1
2467,25/04/2014,Estatística,0,2,A2
2467,28/04/2014,Estatística,0,3,A3
2467,02/05/2014,Estatística,0,4,A4
2467,05/05/2014,Estatística,0,5,A5
2467,09/05/2014,Estatística,0,6,A6
2467,12/05/2014,Estatística,0,7,A7
2467,16/05/2014,Estatística,0,8,A8
2467,19/05/2014,Estatística,0,9,A9
2467,23/05/2014,Estatística,6,10,A10
2467,26/05/2014,Estatística,0,11,A11
2467,30/05/2014,Estatística,0,12,A12
2467,02/06/2014,Estatística,0,13,A13
2467,06/06/2014,Estatística,0,14,A14
2467,09/06/2014,Estatística,0,15,A15
2467,13/06/2014,Estatística,0,16,A16
2467,16/06/2014,Estatística,0,17,A17
2467,20/06/2014,Estatística,0,18,A18
2467,27/06/2014,Estatística,0,19,A19
2467,30/06/2014,Estatística,0,20,A20
2467,04/07/2014,Estatística,12,21,A21
2467,07/07/2014,Estatística,12,22,A22
2467,11/07/2014,Estatística,12,23,A23
2467,14/07/2014,Estatística,12,24,A24
2467,18/07/2014,Estatística,12,25,A25
2467,21/07/2014,Estatística,12,26,A26
2467,25/07/2014,Estatística,12,27,A27
2467,28/07/2014,Estatística,12,28,A28
2467,01/08/2014,Estatística,12,29,A29
2467,04/08/2014,Estatística,12,30,A30
2467,08/08/2014,Estatística,12,31,A31
2467,11/08/2014,Estatística,12,32,A32
2467,18/08/2014,Estatística,12,33,A33
2467,22/08/2014,Estatística,12,34,A34
2467,25/08/2014,Estatística,12,35,A35
2467,29/08/2014,Estatística,12,36,A36
2668,28/02/2012,Estatística,0,1,A1
2668,29/02/2012,Estatística,0,2,A2
2668,06/03/2012,Estatística,0,3,A3
2668,07/03/2012,Estatística,0,4,A4
2668,13/03/2012,Estatística,0,5,A5
2668,14/03/2012,Estatística,0,6,A6
2668,20/03/2012,Estatística,0,7,A7
2668,21/03/2012,Estatística,0,8,A8
2668,27/03/2012,Estatística,0,9,A9
2668,28/03/2012,Estatística,0,10,A10
2668,03/04/2012,Estatística,0,11,A11
2668,04/04/2012,Estatística,0,12,A12
2668,10/04/2012,Estatística,0,13,A13
2668,11/04/2012,Estatística,0,14,A14
2668,17/04/2012,Estatística,0,15,A15
2668,18/04/2012,Estatística,0,16,A16
2668,24/04/2012,Estatística,0,17,A17
2668,25/04/2012,Estatística,0,18,A18
2668,02/05/2012,Estatística,0,19,A19
2668,08/05/2012,Estatística,0,20,A20
2668,09/05/2012,Estatística,0,21,A21
2668,15/05/2012,Estatística,0,22,A22
2668,16/05/2012,Estatística,0,23,A23
2668,22/05/2012,Estatística,0,24,A24
2668,23/05/2012,Estatística,0,25,A25
2668,29/05/2012,Estatística,0,26,A26
2668,30/05/2012,Estatística,0,27,A27
2668,05/06/2012,Estatística,0,28,A28
2668,06/06/2012,Estatística,0,29,A29
2668,12/06/2012,Estatística,0,30,A30
2668,13/06/2012,Estatística,0,31,A31
2668,19/06/2012,Estatística,0,32,A32
2668,20/06/2012,Estatística,0,33,A33
2668,26/06/2012,Estatística,0,34,A34
2668,27/06/2012,Estatística,0,35,A35
2668,03/07/2012,Estatística,0,36,A36
2668,04/07/2012,Estatística,0,37,A37
2932,06/04/2017,Estatística,0,1,A1
2932,07/04/2017,Estatística,0,2,A2
2932,13/04/2017,Estatística,0,3,A3
2932,14/04/2017,Estatística,0,4,A4
2932,20/04/2017,Estatística,7,5,A5
2932,21/04/2017,Estatística,6,6,A6
2932,27/04/2017,Estatística,3,7,A7
2932,28/04/2017,Estatística,8,8,A8
2932,04/05/2017,Estatística,3,9,A9
2932,05/05/2017,Estatística,4,10,A10
2932,11/05/2017,Estatística,8,11,A11
2932,12/05/2017,Estatística,8,12,A12
2932,18/05/2017,Estatística,3,13,A13
2932,19/05/2017,Estatística,5,14,A14
2932,25/05/2017,Estatística,8,15,A15
2932,26/05/2017,Estatística,6,16,A16
2932,01/06/2017,Estatística,5,17,A17
2932,02/06/2017,Estatística,4,18,A18
2932,08/06/2017,Estatística,3,19,A19
2932,09/06/2017,Estatística,7,20,A20
2932,15/06/2017,Estatística,2,21,A21
2932,16/06/2017,Estatística,2,22,A22
2932,22/06/2017,Estatística,5,23,A23
2932,23/06/2017,Estatística,3,24,A24
2932,29/06/2017,Estatística,2,25,A25
2932,30/06/2017,Estatística,4,26,A26
2932,06/07/2017,Estatística,5,27,A27
2932,07/07/2017,Estatística,5,28,A28
2932,13/07/2017,Estatística,4,29,A29
2932,14/07/2017,Estatística,6,30,A30
2932,20/07/2017,Estatística,4,31,A31
2932,21/07/2017,Estatística,4,32,A32
2932,27/07/2017,Estatística,3,33,A33
2932,28/07/2017,Estatística,3,34,A34
2932,03/08/2017,Estatística,2,35,A35
2960,14/03/2019,Estatística,0,1,A1
2960,15/03/2019,Estatística,0,2,A2
2960,21/03/2019,Estatística,7,3,A3
2960,22/03/2019,Estatística,7,4,A4
2960,28/03/2019,Estatística,8,5,A5
2960,29/03/2019,Estatística,6,6,A6
2960,04/04/2019,Estatística,2,7,A7
2960,05/04/2019,Estatística,3,8,A8
2960,11/04/2019,Estatística,6,9,A9
2960,12/04/2019,Estatística,2,10,A10
2960,18/04/2019,Estatística,0,11,A11
2960,25/04/2019,Estatística,0,12,A12
2960,26/04/2019,Estatística,0,13,A13
2960,02/05/2019,Estatística,4,14,A14
2960,03/05/2019,Estatística,4,15,A15
2960,09/05/2019,Estatística,4,16,A16
2960,10/05/2019,Estatística,4,17,A17
2960,16/05/2019,Estatística,4,18,A18
2960,17/05/2019,Estatística,4,19,A19
2960,23/05/2019,Estatística,4,20,A20
2960,24/05/2019,Estatística,5,21,A21
2960,30/05/2019,Estatística,0,22,A22
2960,31/05/2019,Estatística,4,23,A23
2960,06/06/2019,Estatística,5,24,A24
2960,07/06/2019,Estatística,7,25,A25
2960,13/06/2019,Estatística,5,26,A26
2960,14/06/2019,Estatística,7,27,A27
2960,17/06/2019,Estatística,0,28,A28
2960,27/06/2019,Estatística,6,29,A29
2960,28/06/2019,Estatística,8,30,A30
2960,03/07/2019,Estatística,0,31,A31
2960,04/07/2019,Estatística,4,32,A32
2960,05/07/2019,Estatística,4,33,A33
2960,10/07/2019,Estatística,0,34,A34
2960,11/07/2019,Estatística,0,35,A35
2960,12/07/2019,Estatística,0,36,A36
3230,03/03/2016,Estatística,0,1,A1
3230,04/03/2016,Estatística,0,2,A2
3230,10/03/2016,Estatística,0,3,A3
3230,11/03/2016,Estatística,5,4,A4
3230,14/03/2016,Estatística,0,5,A5
3230,17/03/2016,Estatística,4,6,A6
3230,18/03/2016,Estatística,8,7,A7
3230,24/03/2016,Estatística,13,8,A8
3230,31/03/2016,Estatística,0,9,A9
3230,01/04/2016,Estatística,3,10,A10
3230,07/04/2016,Estatística,0,11,A11
3230,08/04/2016,Estatística,13,12,A12
3230,14/04/2016,Estatística,7,13,A13
3230,15/04/2016,Estatística,9,14,A14
3230,28/04/2016,Estatística,4,15,A15
3230,29/04/2016,Estatística,6,16,A16
3230,05/05/2016,Estatística,0,17,A17
3230,06/05/2016,Estatística,0,18,A18
3230,09/05/2016,Estatística,0,19,A19
3230,10/05/2016,Estatística,0,20,A20
3230,12/05/2016,Estatística,11,21,A21
3230,13/05/2016,Estatística,10,22,A22
3230,19/05/2016,Estatística,11,23,A23
3230,20/05/2016,Estatística,0,24,A24
3230,02/06/2016,Estatística,8,25,A25
3230,03/06/2016,Estatística,0,26,A26
3230,09/06/2016,Estatística,10,27,A27
3230,10/06/2016,Estatística,0,28,A28
3230,13/06/2016,Estatística,0,29,A29
3230,16/06/2016,Estatística,12,30,A30
3230,17/06/2016,Estatística,17,31,A31
3230,23/06/2016,Estatística,13,32,A32
3230,24/06/2016,Estatística,14,33,A33
3230,27/06/2016,Estatística,0,34,A34
3230,30/06/2016,Estatística,15,35,A35
3230,01/07/2016,Estatística,17,36,A36
3333,26/03/2015,Estatística,0,1,A1
3333,27/03/2015,Estatística,0,2,A2
3333,02/04/2015,Estatística,0,3,A3
3333,03/04/2015,Estatística,0,4,A4
3333,09/04/2015,Estatística,0,5,A5
3333,10/04/2015,Estatística,0,6,A6
3333,16/04/2015,Estatística,0,7,A7
3333,17/04/2015,Estatística,0,8,A8
3333,23/04/2015,Estatística,13,9,A9
3333,24/04/2015,Estatística,6,10,A10
3333,30/04/2015,Estatística,11,11,A11
3333,01/05/2015,Estatística,2,12,A12
3333,04/05/2015,Estatística,2,13,A13
3333,07/05/2015,Estatística,3,14,A14
3333,08/05/2015,Estatística,2,15,A15
3333,14/05/2015,Estatística,2,16,A16
3333,15/05/2015,Estatística,2,17,A17
3333,21/05/2015,Estatística,2,18,A18
3333,22/05/2015,Estatística,2,19,A19
3333,28/05/2015,Estatística,2,20,A20
3333,29/05/2015,Estatística,2,21,A21
3333,04/06/2015,Estatística,2,22,A22
3333,05/06/2015,Estatística,2,23,A23
3333,11/06/2015,Estatística,2,24,A24
3333,12/06/2015,Estatística,2,25,A25
3333,18/06/2015,Estatística,2,26,A26
3333,19/06/2015,Estatística,7,27,A27
3333,25/06/2015,Estatística,5,28,A28
3333,26/06/2015,Estatística,9,29,A29
3333,02/07/2015,Estatística,7,30,A30
3333,03/07/2015,Estatística,8,31,A31
3333,09/07/2015,Estatística,6,32,A32
3333,10/07/2015,Estatística,3,33,A33
3333,16/07/2015,Estatística,3,34,A34
3333,17/07/2015,Estatística,3,35,A35
3333,24/07/2015,Estatística,3,36,A36
3431,14/04/2014,Estatística,0,1,A1
3431,15/04/2014,Estatística,0,2,A2
3431,21/04/2014,Estatística,0,3,A3
3431,22/04/2014,Estatística,0,4,A4
3431,28/04/2014,Estatística,0,5,A5
3431,29/04/2014,Estatística,0,6,A6
3431,05/05/2014,Estatística,0,7,A7
3431,06/05/2014,Estatística,1,8,A8
3431,12/05/2014,Estatística,2,9,A9
3431,13/05/2014,Estatística,2,10,A10
3431,19/05/2014,Estatística,1,11,A11
3431,20/05/2014,Estatística,1,12,A12
3431,26/05/2014,Estatística,0,13,A13
3431,27/05/2014,Estatística,5,14,A14
3431,02/06/2014,Estatística,0,15,A15
3431,03/06/2014,Estatística,0,16,A16
3431,09/06/2014,Estatística,0,17,A17
3431,10/06/2014,Estatística,0,18,A18
3431,16/06/2014,Estatística,1,19,A19
3431,17/06/2014,Estatística,1,20,A20
3431,23/06/2014,Estatística,1,21,A21
3431,24/06/2014,Estatística,1,22,A22
3431,30/06/2014,Estatística,1,23,A23
3431,01/07/2014,Estatística,1,24,A24
3431,07/07/2014,Estatística,1,25,A25
3431,08/07/2014,Estatística,1,26,A26
3431,14/07/2014,Estatística,1,27,A27
3431,15/07/2014,Estatística,1,28,A28
3431,21/07/2014,Estatística,1,29,A29
3431,22/07/2014,Estatística,1,30,A30
3431,28/07/2014,Estatística,1,31,A31
3431,29/07/2014,Estatística,1,32,A32
3431,04/08/2014,Estatística,1,33,A33
3431,05/08/2014,Estatística,2,34,A34
3431,11/08/2014,Estatística,3,35,A35
3431,12/08/2014,Estatística,3,36,A36
3431,18/08/2014,Estatística,3,37,A37
3431,19/08/2014,Estatística,3,38,A38
3431,25/08/2014,Estatística,3,39,A39
3431,26/08/2014,Estatística,3,40,A40
3489,20/05/2013,Estatística,3,1,A1
3489,21/05/2013,Estatística,0,2,A2
3489,27/05/2013,Estatística,0,3,A3
3489,28/05/2013,Estatística,0,4,A4
3489,03/06/2013,Estatística,0,5,A5
3489,04/06/2013,Estatística,0,6,A6
3489,10/06/2013,Estatística,0,7,A7
3489,11/06/2013,Estatística,2,8,A8
3489,17/06/2013,Estatística,0,9,A9
3489,18/06/2013,Estatística,0,10,A10
3489,24/06/2013,Estatística,0,11,A11
3489,25/06/2013,Estatística,0,12,A12
3489,01/07/2013,Estatística,1,13,A13
3489,02/07/2013,Estatística,3,14,A14
3489,08/07/2013,Estatística,0,15,A15
3489,09/07/2013,Estatística,0,16,A16
3489,15/07/2013,Estatística,0,17,A17
3489,16/07/2013,Estatística,0,18,A18
3489,22/07/2013,Estatística,0,19,A19
3489,23/07/2013,Estatística,0,20,A20
3489,29/07/2013,Estatística,3,21,A21
3489,30/07/2013,Estatística,0,22,A22
3489,05/08/2013,Estatística,3,23,A23
3489,06/08/2013,Estatística,0,24,A24
3489,12/08/2013,Estatística,0,25,A25
3489,13/08/2013,Estatística,1,26,A26
3489,19/08/2013,Estatística,2,27,A27
3489,20/08/2013,Estatística,1,28,A28
3489,26/08/2013,Estatística,2,29,A29
3489,27/08/2013,Estatística,1,30,A30
3489,02/09/2013,Estatística,2,31,A31
3489,03/09/2013,Estatística,1,32,A32
3489,09/09/2013,Estatística,1,33,A33
3489,10/09/2013,Estatística,1,34,A34
3489,16/09/2013,Estatística,4,35,A35
3489,17/09/2013,Estatística,0,36,A36
3489,23/09/2013,Estatística,0,37,A37
3489,24/09/2013,Estatística,0,38,A38
3489,30/09/2013,Estatística,0,39,A39
